,Tare Count Load Cell 1,Tare Stds Load Cell 1,Tare Count Load Cell 2,Tare Stds Load Cell 2
0,-60213.3636,102.85142087010757,92454.84569999999,119.0964734994282
