,Tare Count Load Cell 1,Tare Stds Load Cell 1
0,59734.071400000015,77.23009452279598
